,BFGS,BFGS,IDS,IDS,h1,h1,h2,h2,h3,h3
Depth,Avg run time,Avg #nodes Explr,Avg run time,Avg #nodes Explr,Avg run time,Avg #nodes Explr,Avg run time,Avg #nodes Explr,Avg run time,Avg #nodes Explr
8,0.0052088065500000115,134.6,0.003763461950074998,288.45,0.0006542811501276446,26.3,0.0005012657001316256,23.5,0.0006419684000320558,23.5
15,2.456299875449999,4265.1,0.15004941774996042,8832.35,0.04646219490014118,458.1,0.009860792949712049,193.5,0.009932489000220812,193.35
24,565.81081045615,107117.7,6.193369185400025,295687.1,62.00525144584981,19485.35,0.5121588289500323,2268.75,0.5360880474497207,2268.75
